no.,volumn out parcel
0,三玉段三小段407
1,玉成段五小段669
2,大安段三小段19
3,開明段二小段509
4,西松段一小段694-5
5,福德段一小段213
6,南港段四小段153-1
7,龍泉段二小段603
8,龍泉段三小段576
9,敦化段一小段62-3
10,福林段三小段777
11,黎和段二小段563
12,實踐段三小段36
13,景美段五小段310-2
14,景美段五小段310-3
15,景美段五小段298
16,景美段五小段379
17,景美段五小段310(部份)
18,景美段五小段379
19,景美段五小段379-1
20,圓環段三小段560
21,圓環段三小段560-1
22,圓環段三小段560-22
23,圓環段三小段560-23
24,福星段二小段759
25,西松段一小段694-1
26,西松段一小段694-5
27,西松段一小段964-11
28,西松段一小段694-17
29,福星段二小段759
30,懷生段二小段161
31,永吉段一小段553
32,百齡段三小段307-1
33,百齡段三小段360
34,大安段二小段279-2
35,三玉段五小段213
36,瑞安段一小段72
37,瑞安段一小段79
38,成功段一小段190
39,寶清段一小段55
40,永吉段三小段395
41,逸仙段二小段463
42,城中段一小段359
43,城中段一小段360
44,榮星段六小段339
45,西松段一小段694-2
46,圓環段三小段560
47,圓環段三小段560-1
48,圓環段三小段560-22
49,圓環段三小段560-23
50,芝蘭段一小段120-1
51,信義段二小段60
52,圓環段三小段560
53,圓環段三小段560-1
54,圓環段三小段560-22
55,圓環段三小段560-23
56,金華段二小段188
57,金華段二小段189
58,金華段二小段191
59,金華段二小段197
60,金華段二小段203-2等4筆土
61,金華段二小段188
62,金華段二小段189
63,金華段二小段191
64,金華段二小段197
65,金華段二小段203-2等4筆土
66,仁愛段三小段141
67,仁愛段四小段6
68,敦化段一小段60-5
69,永春段一小段73
70,永春段一小段177
71,永春段一小段178
72,仁愛段五小段489
73,榮星段二小段185
74,福星段二小段759
75,瑞安段一小段72
76,瑞安段一小段79
77,城中段一小段359
78,城中段一小段360
79,一小段224
80,一小段241
81,百齡段六小段637
82,三興段三小段144
83,安段二小段494
84,三興段三小段125
85,三興段三小段126
86,三興段三小段127-1
87,陽明段二小段264
88,逸仙段二小段374
89,福德段三小段763
90,圓環段二小段284
91,仁愛段三小段145
92,復興段二小段435
93,學府段二小段2
94,懷生段三小段310
95,中山段四小段213
96,民生段12-13
97,雅祥段一小段620
98,玉成段三小段811
99,榮星段二小段300-2
100,潭美段三小段3
101,榮星段二小段640-1
102,碧湖段四小段67
103,碧湖段四小段70
104,潭美段三小段367-1
105,潭美段三小段851-1
106,實踐段三小段514
107,興隆段一小段171
108,立農段一小段256
109,奇岩段三小段253
110,敦化段三小段154-2
111,黎和段二小段432
112,吳興段二小段606-1
113,中南段二小段286-1
114,博嘉段三小段710
115,中南段二小段285-1
116,中南段二小段288-1
117,中南段二小段299-31
118,中南段二小段299-32
119,三玉段三小段132
120,三玉段三小段134
121,三玉段三小段135-1
122,光華段三小段11-2
123,金華段一小段84
124,榮星段五小段109
125,榮星段五小段109-1
126,祥和段二小段239
127,祥和段二小段339
128,華江段二小段621
129,三玉段五小段244
130,永平段一小段160
131,大同段一小段351
132,大同段一小段407
133,仁愛段四小段56
134,辛亥段四小段41
135,通化段六小段259
136,復興段三小段640-1
137,福和段一小段556
138,萬慶段三小段170
139,開明段二小段438
140,寶清段三小段646
141,寶清段五小段272-1
142,吳興段二小段598-1
143,逸仙段三小段456
144,福德段三小段62
145,南港段二小段180-1
146,青年段一小段451
147,華中段三小段118-2
148,華江段二小段350
149,瑞安段二小段693
150,德惠段三小段881
151,德惠段三小段881-3
152,河堤段二小段223
153,吳興段二小段463
154,新民段一小段309-2
155,新民段二小段201
156,新民段一小段309-2
157,新民段二小段201
158,新民段一小段309-2
159,新民段二小段201
160,新民段一小段309-2
161,新民段二小段201
162,三玉段一小段420-1
163,仁愛段二小段606
164,仁愛段二小段690
165,仁愛段四小段1
166,仁愛段四小段64
167,仁愛段四小段66
168,延吉段三小段491
169,福德段三小段238
170,福德段三小段240
171,福德段三小段270
172,福德段三小段272
173,中南段二小段300-1
174,福星段二小段759
175,福星段二小段759
176,城中段二小段531
177,城中段二小段632
178,城中段一小段359
179,城中段一小段360
180,圓環段三小段560
181,圓環段三小段560-1
182,圓環段三小段560-22
183,圓環段三小段560-23
184,圓環段三小段560
185,圓環段三小段560-1
186,圓環段三小段560-22
187,圓環段三小段560-23
188,復興段二小段352
189,榮星段三小段153
190,中正段三小段16
191,西松段三小段130-1
192,延吉段三小段253-4
193,虎林段一小段709
194,信義段一小段342
195,南港段一小段1062
196,城中段一小段359
197,城中段一小段360
198,玉成段三小段514
199,學府段二小段198
200,莒光段四小段838
201,萬大段二小段321
202,萬慶段一小段260
203,圓環段三小段560
204,圓環段三小段560-1
205,圓環段三小段560-22
206,圓環段三小段560-23
207,芝蘭段一小段222
208,芝蘭段一小段432
209,雙連段二小段284-1
210,仁愛段四小段226
211,仁愛段四小段229
212,復興段三小段743
213,學府段四小段271
214,學府段四小段271-1
215,興隆段二小段146
216,興隆段四小
217,豐年段三小段16-1
218,豐年段三小段19
219,豐年段三小段21
220,豐年段三小段22
221,延吉段一小段238
222,敦化段二小段487
223,中南段五小段333
224,中南段五小段557
225,南港段四小段512
226,新光段二小段274
227,學府段一小段284
228,懷生段二小段244
229,犁和段一小段145-17
230,光華段三小段97
231,德惠段三小段881-7
232,德惠段三小段881-8
233,逸仙段二小段401
234,光華段四小段663
235,光華段四小段664
236,芝山段一小段371
237,陽明段四小段202
238,復興段一小段629
239,學府段一小段450
240,學府段一小段452
241,學府段一小段461
242,學府段一小段463
243,學府段一小段466
244,北安段三小段61
245,大湖段二小段240
246,文德段一小段49
247,木柵段二小段757
248,實踐段三小段605
249,大業段四小段485
250,奇岩段一小段346
251,振興段一小段484
252,逸仙段二小段456
253,海光段一小段440
254,陽明段四小段202
255,仁愛段一小段63-1
256,仁愛段六小段138
257,復興段三小段305-1
258,段三小段4-1
259,段三小段4-1區懷生段二小段221
260,段三小段4-1區懷生段二小段252
261,中山段四小段213-1
262,南海段三小段866
263,南海段三小段866-2
264,南海段三小段867
265,南海段三小段867-1
266,萬隆段一小段463
267,民生段27-25
268,民生段28-54
269,寶清段一小段604
270,永春段二小段221
271,永春段二小段221-1
272,雅祥段一小段620
273,復興段一小段671-2
274,大安段一小段103-1
275,大安段93-1
276,大安段94-1
277,圓環段三小段560
278,圓環段三小段560-1
279,圓環段三小段560-22
280,圓環段三小段560-23
281,圓環段三小段-
282,仁愛段四小段57
283,陽明段一小段516
284,陽明段一小段516-1
285,陽明段一小段519
286,陽明段一小段520
287,陽明段一小段520-1
288,陽明段一小段523
289,陽明段一小段525
290,河堤段二小段223
291,臨沂段一小段203-1
292,仁愛段四小段6
293,仁愛段四小段6
294,辛亥段四小段357-1
295,辛亥段四小段357-2
296,辛亥段四小段363
297,辛亥段四小段363-1
298,海光段二小段387-1
299,福德段二小段529-4
300,福德段二小段529-5
301,福和段一小段127
302,懷生段三小段310
303,陽明段二小段265
304,陽明段二小段265-1
305,海光段一小段433
306,海光段一小段496
307,永新段三小段159
308,永新段三小段160
309,永新段三小段226
310,三玉段五小段160
311,三玉段五小段437-1
312,光華段四小段641
313,光華段四小段653
314,光華段四小段667
315,光華段四小段668
316,光華段四小段670
317,光華段四小段671
318,振興段三小段955
319,振興段三小段961-1
320,振興段四小段141-1
321,雙連段一小段99
322,橋北段三小段3
323,延平段一小段115
324,吉林段三小段844-2
325,吉林段三小段844-8
326,吉林段三小段845
327,吉林段三小段845-1
328,吉林段三小段845-2
329,中山段一小段1
330,中山段一小段1-1
331,中山段一小段1-2
332,中山段一小段1-6
333,中山段四小段213
334,北安段一小段90
335,虎林段四小段96
336,敦化段四小段245-1
337,民生段12-13
338,民生段12-16
339,民生段12-17
340,美仁段二小段895
341,興隆段一小段31
342,萬芳段二小段285
343,河堤段一小段311-1
344,榮星段五小段114
345,民生段27-22
346,民生段27-24
347,美仁段二小段895
348,陽明段一小段516
349,三興段一小段477
350,黎和段二小段563
351,迪化段三小段697
352,西松段一小段694
353,仁愛段二小段569
354,仁愛段三小段522
355,龍泉段三小段4-1
356,文林段三小段836-1
357,百齡段五小段140-2
358,福林段三小段784
359,大安段三小段35
360,仁愛段六小段82-1
361,通化段六小段61
362,復興段二小段192
363,復興段二小段71
364,復興段二小段74
365,懷生段二小段57
366,吉林段三小段121
367,吉林段三小段215
368,河堤段三小段683-1
369,文德段三小段277-1
370,文德段三小段282-1
371,景美段四小段605-2
372,文林段三小段853
373,文林段三小段864
374,關渡段二小段410
375,關渡段二小段423
376,寶清段三小段595
377,永春段三小段178-2
378,福興段三小段4
379,復興段一小段428-1
380,吉林段三小段45
381,三玉段五小段384
382,瑞安段二小段71
383,吉林段五小段70
384,西湖段二小段278
385,西湖段二小段278-1
386,福星段三小段4
387,福星段四小段435
388,仁愛段六小段139-3
389,懷生段一小段649
390,榮星段五小段479
391,德惠段四小段137
392,福德段三小段171
393,陽明段一小段516
394,陽明段一小段516-1
395,陽明段一小段519
396,陽明段一小段520
397,陽明段一小段520-1
398,陽明段一小段523
399,陽明段一小段525
400,永新段三小段110
401,永新段三小段112
402,永新段三小段114
403,永新段三小段459
404,仁愛段六小段166
405,正義段三小段90
406,正義段三小段92
407,正義段三小段458-1
408,正義段三小段459
409,陽明段三小段942
410,通化段六小段57
411,永新段三小段270
412,海光段二小段420
413,復興段二小段435
414,復興段三小段537
415,德惠段一小段155
416,萬芳段二小段308
417,萬隆段一小段351
418,萬隆段一小段351-1
419,興隆段一小段84
420,豐年段二小段793
421,豐年段三小段16-1
422,民生段12-13
423,民生段27-21
424,海光段一小段528
425,海光段二小段323
426,海光段三小段33
427,漢中段二小段967
428,陽明段一小段516
429,陽明段一小段516-1
430,陽明段一小段519
431,陽明段一小段520
432,陽明段一小段520-1
433,陽明段一小段523
434,陽明段一小段525
435,祥和段二小段444
436,萬芳段二小段308
437,玉成段三小段811
438,陽明段二小段263
439,正義段三小段89
440,仁愛段六小段281
441,西松段三小段366
442,寶清段一小段410
443,永吉段二小段194
444,福德段二小段112-1
445,德惠段二小段875
446,德惠段二小段875-1
447,德惠段四小段137-1
448,陽明段一小段516
449,陽明段一小段516-1
450,陽明段一小段519
451,陽明段一小段520
452,陽明段一小段520-1
453,陽明段一小段523
454,陽明段一小段525
455,中正段三小段105
456,陽明段一小段516
457,陽明段一小段516-1
458,陽明段一小段519
459,陽明段一小段520
460,陽明段一小段520-1
461,陽明段一小段523
462,陽明段一小段525
463,辛亥段五二小段1-1
464,復興段一小段63
465,瑞安段二小段71
466,懷生段一小段628
467,碧潭段三小段150-5
468,碧潭段三小段151-3
469,碧潭段三小段153-1
470,陽明段二小段70-1
471,榮星段四小段119
472,開明段二小段144
473,永春段一小段504
474,福德段三小段272
475,直興段三小段135
476,陽明段一小段516
477,陽明段一小段516-1
478,陽明段一小段519
479,陽明段一小段520
480,陽明段一小段520-1
481,陽明段一小段523
482,陽明段一小段525
483,南港段四小段393
484,南港段四小段441-2
485,文德段一小段49
486,蘭雅段三小段288
487,德惠段一小段61
488,榮星段二小段663-1
489,三玉段五小段213
490,開明段二小段567
491,開明段二小段633土
492,福林段一小段37-1
493,河堤段五小段614-1
494,臨沂段二小段410
495,永春段一小段598
496,永吉段一小段387
497,玉成段五小段704
498,仁愛段一小段498-1
499,復興段一小段18-5
500,復興段一小段20-5
501,復興段一小段629
502,榮星段四小段637-1
503,二小段520
504,永吉段二小段604
505,二小段240
506,雙園段一小段556
507,仁愛段二小段659
508,二小段389-1
509,圓環段三小段16
510,圓環段三小段55
511,圓環段二小段291
512,圓環段三小段49
513,臨沂段三小段583
514,臨沂段三小段583-3
515,臨沂段三小段583-5
516,臨沂段三小段583-6
517,臨沂段三小段583-7
518,臨沂段三小段583-8
519,萬華段一小段668
520,萬芳段二小段285
521,萬芳段二小段308
522,萬隆段一小段351
523,萬隆段一小段351-1
524,萬隆段一小段351-2
525,萬隆段一小段461
526,萬隆段一小段461-1
527,海光段一小段367
528,海光段一小段398
529,海光段一小段399
530,蘭雅段一小段699-4
531,蘭雅段一小段699-5
532,蘭雅段一小段699-21
533,蘭雅段一小段699-22
534,蘭雅段一小段699-23
535,陽明段二小段263
536,金華段一小段822
537,金華段一小段822-1
538,金華段一小段822-2
539,金華段一小段822-3
540,懷生段二小段235
541,寶清段一小段604
542,溫泉段四小段274
543,仁愛段五小段285
544,復興段二小段22
545,瑞安段二小段71
546,復興段一小段629
547,文林段三小段836
548,永吉段一小段387
549,榮星段五小段568
550,西湖段一小段276-8
551,仁愛段三小段141
552,仁愛段三小段158
553,陽明段一小段516
554,陽明段一小段516-1
555,陽明段一小段519
556,陽明段一小段520
557,陽明段一小段520-1
558,陽明段一小段523
559,陽明段一小段525
560,海光段一小段406
561,海光段二小段278
562,陽明段二小段472
563,復興段一小段489
564,中山段四小段213-1
565,立農段一小段94-2
566,金華段一小段820
567,寶清段321
568,寶清段321-1
569,西松段二小段163
570,西松段三小段539-1
571,西松段三小段580
572,延吉段三小段712
573,仁愛段二小段425
574,仁愛段二小段427
575,仁愛段二小段438
576,橋北段一小段12
577,文昌段一小段141
578,大龍段一小段389-3
579,中山段一小段2
580,吉林段五小段301
581,德惠段四小段137-1
582,開明段二小段567
583,百齡段三小段497
584,三玉段五小段213
585,海光段一小段19
586,海光段一小段29
587,海光段二小段337
588,海光段二小段420
589,龍泉段三小段1095-2
590,龍泉段三小段4
591,中山段四小段213-1
592,立農段一小段94-2
593,虎林段四小段96
594,雅祥段一小段620
595,天母段一小段1-7
596,天母段一小段1-8
597,一小段699-9
598,一小段699-37
599,一小段433
600,三小段215
601,萬芳段二小段161
602,四小段132
603,四小段614-1
604,四小段620
605,文德段一小段277
606,玉泉段二小段390
607,中山段四小段213
608,中山段四小段213-1
609,龍泉段三小段10
610,龍泉段三小段17
611,一小段123
612,振興段四小段81-1
613,南港段四小段378-1
614,南港段四小段379
615,南港段四小段380
616,二小段306
617,二小段306-1
618,海光段二小段312
619,文昌段二小段183
620,福林段三小段784
621,一小段18
622,一小段
623,一小段423
624,一小段424
625,一小段425
626,一小段426
627,一小段427
628,一小段438
629,一小段441
630,一小段445
631,一小段446
632,一小段449
633,一小段450
634,二小段244
635,二小段306
636,一小段699-4
637,一小段699-5
638,六小段584
639,文德段一小段48
640,文德段一小段51
641,文德段一小段51-7
642,二小段277
643,二小段277-1
644,二小段277-3
645,萬隆段一小段463-1
646,豐年段三小段20
647,海光段一小段417
648,海光段一小段477
649,二小段299
650,龍泉段一小段1059
651,仁愛段六小段578
652,永新段三小段270
653,三興段一小段867
654,永春段一小段705
655,永春段一小段705-1
656,福德段二小段529
657,福德段二小段529-2
658,成功段三小段78
659,城中段一小段357
660,雙連段二小段460
661,雙連段三小段400
662,華中段四小段434
663,華江段一小段812
664,三玉段一小段402
665,永新段三小段193
666,永新段三小段226
667,海光段一小段398
668,海光段一小段399
669,海光段一小段420
670,海光段二小段244
671,海光段二小段418
672,海光段二小段92
673,福林段三小段784
674,文德段一小段51-1
675,文德段一小段51-5
676,木柵段四小段132
677,木柵段四小段614-1
678,木柵段四小段620
679,木柵段四小段623
680,萬芳段二小段285
681,萬芳段二小段308
682,萬芳段二小段311
683,萬芳段二小段314
684,萬芳段二小段368
685,萬芳段二小段377
686,萬慶段二小段753
687,豐年段三小段33
688,豐年段三小段34
689,豐年段三小段35
690,中山段四小段213-1
691,德惠段一小段70-2
692,德惠段一小段70-4
693,德惠段二小段2-1
694,德惠段三小段6-3
695,民生段27-25
696,民生段28-47
697,民生段28-54
698,西松段二小段134-1
699,美仁段一小段849
700,美仁段二小段895
701,寶清段二小段321-1
702,復興段三小段302
703,仁愛段三小段114
704,直興段三小段134
705,直興段三小段138
706,西湖段二小段278
707,中山段四小段213-1
708,榮星段二小段300-1
709,榮星段四小段119
710,雙連段一小段99
711,福林段三小段770
712,仁愛段二小段37
713,辛亥段一小段145-14
714,學府段一小段284
715,福林段三小段784
716,三小段784
717,三小段784區三玉段一小段645
718,榮星段二小段329
719,榮星段二小段361
720,榮星段二小段365
721,榮星段二小段378
722,榮星段二小段406
723,榮星段二小段406-1
724,榮星段二小段406-3
725,海光段二小段412
726,陽明段二小段70-1
727,榮星段四小段119
728,德惠段四小段296
729,豐年段四小段23
730,南港段一小段1286
731,吳興段二小段19-3
732,復興段三小段135-1
733,新民段四小段5-2
734,臨沂段一小段579
735,臨沂段一小段581
736,延平段三小段346
737,延平段三小段346
738,景美段5小段379
739,景美段5小段310(部分)
740,延平段三小段309
741,景美段5小段379
742,景美段5小段310(部分)
743,景美段5小段379
744,景美段5小段310(部分)
745,延平段三小段309
746,景美段5小段379
747,景美段5小段310(部分)
748,延平段三小段309
749,延平段三小段309-5
750,景美段5小段379
751,景美段5小段379-1
752,景美段5小段379
753,景美段5小段379-1
754,陽明段一小段516
755,光華段四小段653
756,成功段二小段98
757,仁愛段三小段116
758,榮星段三小段272-2
759,金華段一小段820
760,仁愛段二小段37
761,海光段一小段429
762,吳興段二小段19-3
763,海光段一小段461
764,玉成段二小段271-3
765,振興段二小段9
766,懷生段二小段235
767,榮星段四小段420
768,榮星段四小段無
769,立農段一小段94-2
770,陽明段二小段265
771,永新段三小段481-1
772,中山段4小段213-1
773,南港段四小段402
774,臨沂段一小段434
775,中山段四小段758-4
776,仁愛段二小段37
777,光華段三小段21
778,陽明段二小段70-1
779,南港段一小段1286
780,陽明段四小段202
781,陽明段四小段202
782,木柵段四小段71
783,延平段一小段128
784,福和段一小段888
785,福林段三小段770
786,立農段一小段94-2
787,民生段12-15
788,長安段一小段1-5等9筆土
789,仁愛段二小段37
790,萬隆段二小段6
791,德惠段四小段455
792,豐年段三小段2
793,懷生段三小段585-2
794,仁愛段二小段37
795,祥和段二小段504
796,萬芳段二小段287
797,雙園段三小段780
798,永春段一小段598
799,光華段三小段18
800,海光段一小段367
801,豐年段四小段23
802,一小段710
803,一小段711
804,一小段726
805,一小段727
806,一小段728
807,一小段729
808,一小段730
809,一小段731
810,一小段732
811,一小段733
812,一小段734
813,一小段735
814,一小段736
815,一小段710
816,一小段711
817,一小段726
818,一小段727
819,一小段728
820,一小段729
821,一小段730
822,一小段731
823,一小段732
824,一小段733
825,一小段734
826,一小段735
827,一小段736
828,一小段710
829,一小段711
830,一小段726
831,一小段727
832,一小段728
833,一小段729
834,一小段730
835,一小段731
836,一小段732
837,一小段733
838,一小段734
839,一小段735
840,一小段736
841,景美段5小段379
842,景美段5小段379-1
843,雅祥段一小段620
844,振興段三小段888
845,金華段三小段175-3
846,振興段四小段267-5
847,振興段四小段267-5
848,中正段二小段589
849,金華段三小段175-4
850,懷生段三小段585
851,立農段二小段217
852,中南段二小段285等11筆土
853,海光段二小段340
854,圓環段三小段49
855,吉林段二小段507
856,福和段一小段889-3
857,海光段一小段12
858,仁愛段二小段37
859,光華段一小段2-1
860,福林段三小段771
861,海光段一小段412
862,虎林段一小段709
863,吉林段二小段507
864,祥和段二小段490
865,復興段三小段135-1
866,豐年段三小段2
867,光華段一小段2-2
868,臨沂段三小段583-3
869,海光段一小段19
870,東湖段六小段323
871,陽明段四小段202
872,萬隆段一小段351
873,復興段三小段263
874,海光段一小段401
875,中正段二小段585
876,海光段一小段12
877,懷生段二小段252
878,永春段三小段318
879,長安段三小段1-1
880,永新段三小段228
881,龍泉段三小段4-1
882,福林段三小段781
883,陽明段三小段775
884,豐年段四小段68
885,陽明段三小段946
886,振興段二小段56
887,海光段二小段420
888,成功段二小段98
889,陽明段三小段942
890,中山段四小段213-1
891,海光段一小段21
892,豐年段四小段69
893,成功段二小段98
894,開明段二小段787
895,永新段三小段45
896,仁愛段二小段37
897,南港段四小段381
898,萬隆段一小段460
899,懷生段二小段252
900,仁愛段二小段37
901,市府段一小段16
902,雙連段二小段659
903,永春段一小段615
904,海光段三小段2
905,立農段一小段94-2
906,美仁段一小段16
907,美仁段一小段16-2
908,迪化段三小段560
909,光華段一小段2-1
910,福林段三小段782
911,陽明段二小段548
912,雙連段三小段403
913,祥和段二小段538
914,天母段一小段1-8
915,臨沂段三小段393
916,雅祥段一小段620
917,天母段一小段1-7
918,通化段三小段140
919,永新段三小段116
920,豐年段三小段33
921,永春段一小段623
922,中山段四小段213
923,榮星段二小段365
924,榮星段二小段250-1
925,祥和段三小段355
926,光華段一小段4
927,海光段一小段463
928,復興段三小段112
929,金華段一小段123
930,金華段一小段820
931,中南段二小段2
932,陽明段二小段264
933,光華段三小段103
934,仁愛段三小段600-1
935,光華段一小段2-2
936,通化段六小段57
937,文昌段二小段185
938,榮星段二小段300
939,蘭雅段一小段699-35
940,光華段四小段676
941,海光段一小段398
942,陽明段三小段785
943,中山段四小段213-1
944,木柵段四小段77
945,中南段二小段287
946,吉林段五小段70
947,福林段三小段781
948,雙連段一小段99
949,海光段一小段423
950,金華段二小段188
951,金華段二小段189
952,金華段二小段191
953,金華段二小段197
954,金華段二小段203-2
955,金華段二小段188
956,金華段二小段189
957,金華段二小段191
958,金華段二小段197
959,金華段二小段203-2
960,金華段二小段188
961,金華段二小段189
962,金華段二小段191
963,金華段二小段197
964,金華段二小段203-2
965,金華段二小段188
966,金華段二小段189
967,金華段二小段191
968,金華段二小段197
969,金華段二小段203-2
970,金華段二小段188
971,金華段二小段189
972,金華段二小段191
973,金華段二小段197
974,金華段二小段203-2
975,漢中段二小段967
976,漢中段二小段967
977,漢中段二小段967
978,漢中段二小段967
979,漢中段二小段967
980,漢中段二小段967
981,漢中段二小段967
982,漢中段二小段967
983,漢中段二小段967
984,漢中段二小段967
985,漢中段二小段967
986,延平段一小段320
987,延平段一小段320
988,延平段一小段320
989,延平段一小段320
990,延平段一小段320
991,延平段一小段320
992,延平段一小段320
993,延平段一小段320
994,延平段一小段710
995,延平段一小段711
996,延平段一小段726
997,延平段一小段727
998,延平段一小段728
999,延平段一小段729
1000,延平段一小段730
1001,延平段一小段731
1002,延平段一小段732
1003,延平段一小段733
1004,延平段一小段734
1005,延平段一小段735
1006,延平段一小段736
1007,延平段一小段710
1008,延平段一小段711
1009,延平段一小段726
1010,延平段一小段727
1011,延平段一小段728
1012,延平段一小段729
1013,延平段一小段730
1014,延平段一小段731
1015,延平段一小段732
1016,延平段一小段733
1017,延平段一小段734
1018,延平段一小段735
1019,延平段一小段736
1020,蘭雅段一小段699-8
1021,陽明段二小段70-1
1022,懷生段三小段310
1023,臨沂段一小段657
1024,南港段一小段1280
1025,海光段一小段19
1026,榮星段二小段252-1
1027,木柵段四小段607
1028,仁愛段二小段37
1029,陽明段二小段70-1
1030,三玉段五小段381
1031,金華段二小段192
1032,金華段二小段196
1033,金華段二小段201
1034,金華段二小段192
1035,金華段二小段196
1036,金華段二小段201
1037,景美段五小段379
1038,景美段五小段379-1
1039,景美段五小段379
1040,景美段五小段379-1
1041,景美段五小段379
1042,景美段五小段379-1
1043,景美段五小段379
1044,景美段五小段379-1
1045,景美段五小段379
1046,景美段五小段379-1
1047,景美段五小段379
1048,景美段五小段379-1
1049,景美段五小段379
1050,景美段五小段379-1
1051,景美段五小段379
1052,景美段五小段379-1
1053,景美段五小段379
1054,景美段五小段379-1
1055,景美段五小段379
1056,景美段五小段379-1
1057,景美段五小段379
1058,景美段五小段379-1
1059,景美段五小段379
1060,景美段五小段379-1
1061,景美段五小段379
1062,景美段五小段379-1
1063,景美段五小段379
1064,景美段五小段379-1
1065,景美段五小段379
1066,景美段五小段379-1
1067,景美段五小段379
1068,景美段五小段379-1
1069,景美段五小段310
1070,景美段五小段379
1071,景美段五小段310
1072,景美段五小段379
1073,迪化段三小段695
1074,延平段一小段710
1075,延平段一小段711
1076,延平段一小段726
1077,延平段一小段727
1078,延平段一小段728
1079,延平段一小段729
1080,延平段一小段730
1081,延平段一小段731
1082,延平段一小段732
1083,延平段一小段733
1084,延平段一小段734
1085,延平段一小段735
1086,延平段一小段736
1087,景美段五小段310
1088,景美段五小段379
1089,景美段五小段310
1090,景美段五小段379
1091,景美段五小段310
1092,景美段五小段379
1093,景美段五小段310
1094,景美段五小段379
1095,景美段五小段310
1096,景美段五小段379
1097,景美段五小段310
1098,景美段五小段379
1099,景美段五小段310
1100,景美段五小段379
1101,延平段一小段710
1102,延平段一小段711
1103,延平段一小段726
1104,延平段一小段727
1105,延平段一小段728
1106,延平段一小段729
1107,延平段一小段730
1108,延平段一小段731
1109,延平段一小段732
1110,延平段一小段733
1111,延平段一小段734
1112,延平段一小段735
1113,延平段一小段736
1114,金華段二小段188
1115,金華段二小段189
1116,金華段二小段191
1117,金華段二小段197
1118,金華段二小段203-2等5筆土
1119,漢中段二小段967
1120,金華段二小段188
1121,金華段二小段189
1122,金華段二小段191
1123,金華段二小段197
1124,金華段二小段203-2
1125,金華段二小段188
1126,金華段二小段189
1127,金華段二小段191
1128,金華段二小段197
1129,金華段二小段203-2等5筆土
1130,迪化段三小段467
1131,迪化段三小段468
1132,迪化段三小段469
1133,玉泉段一小段348
1134,玉泉段一小段348-1
1135,玉泉段一小段349
1136,玉泉段一小段350
1137,玉泉段一小段350-1
1138,玉泉段一小段351
1139,玉泉段一小段352
1140,玉泉段一小段352-1
1141,玉泉段一小段352-2
1142,玉泉段一小段352-3
1143,玉泉段一小段352-4
1144,玉泉段一小段353
1145,玉泉段一小段353-1
1146,玉泉段一小段354
1147,玉泉段一小段354-1
1148,玉泉段一小段151號)第三次容積移轉案
1149,迪化段二小段410
1150,迪化段二小段411
1151,迪化段二小段125
1152,迪化段三小段408
1153,迪化段三小段10號）第一次容積移轉案
1154,玉泉段一小段348
1155,玉泉段一小段151號-太和堂藥房）第一次容積移轉案
1156,迪化段一小段569等
1157,延平段二小段201等五筆
1158,延平段二小段393
1159,延平段二小段393-1
1160,延平段二小段394
1161,延平段二小段394-1
1162,延平段二小段394-2
1163,延平段二小段394-3
1164,延平段二小段393
1165,延平段二小段393-1
1166,延平段二小段394
1167,延平段二小段394-1
1168,延平段二小段394-2
1169,延平段二小段394-3
1170,迪化段二小段437
1171,迪化段二小段438
1172,迪化段二小段438-1
1173,延平段二小段219
1174,延平段二小段230
1175,延平段三小段199-1
1176,延平段三小段199-2
1177,延平段三小段200
1178,延平段三小段201
1179,延平段三小段202
1180,延平段三小段202-1
1181,延平段三小段202-2
1182,延平段三小段202-3
1183,延平段三小段183號
1184,延平段三小段安西街30號)第二次容積移轉案
1185,延平段二小段219
1186,延平段二小段230
1187,迪化段一小段569
1188,迪化段一小段570
1189,延平段二小段377
1190,延平段二小段378
1191,延平段二小段378-1
1192,延平段二小段402
1193,延平段二小段402-1
1194,延平段二小段545
1195,延平段二小段545-1
1196,延平段二小段546
1197,延平段二小段安西街128號)第一次容積移轉案
1198,延平段二小段859
1199,延平段二小段860
1200,延平段二小段860-1等3筆
1201,延平段二小段安西街84號)第一次容積移轉案
1202,延平段三小段214
1203,延平段三小段215
1204,延平段三小段215-1
1205,延平段三小段216
1206,延平段三小段216-1
1207,延平段三小段217
1208,延平段三小段218
1209,延平段三小段219
1210,延平段三小段219-1等9筆
1211,延平段三小段197
1212,延平段三小段199號
1213,延平段三小段安西街40
1214,延平段三小段42
1215,延平段三小段44號)第一次容積移轉案
1216,延平段三小段214
1217,延平段三小段215
1218,延平段三小段215-1
1219,延平段三小段216
1220,延平段三小段216-1
1221,延平段三小段217
1222,延平段三小段218
1223,延平段三小段219
1224,延平段三小段219-1等9筆
1225,延平段三小段197
1226,延平段三小段199號
1227,延平段三小段安西街40
1228,延平段三小段42
1229,延平段三小段44號)第二次容積移轉案
1230,延平段三小段199-1
1231,延平段三小段199-2
1232,延平段三小段200
1233,延平段三小段201
1234,延平段三小段202
1235,延平段三小段202-1
1236,延平段三小段202-2
1237,延平段三小段202-3等8筆
1238,延平段三小段183號
1239,延平段三小段安西街30號)第二次容積移轉案
1240,延平段三小段288
1241,延平段三小段288-1
1242,延平段三小段289
1243,延平段三小段309-3
1244,延平段三小段666
1245,延平段三小段667
1246,延平段三小段667-1等3筆
1247,迪化段二小段437
1248,迪化段二小段438
1249,迪化段二小段438-1
1250,延平段二小段921
1251,延平段二小段921-1
1252,延平段二小段922
1253,延平段二小段922-1
1254,迪化段三小段467等三筆
1255,延平段二小段601-4
1256,延平段二小段247-1
1257,延平段二小段涼州街110-1至110-3
1258,延平段二小段112號）第一次容積移轉案
1259,延平段三小段162
1260,延平段三小段163
1261,延平段三小段163-1
1262,延平段三小段601
1263,延平段三小段602
1264,延平段三小段602-1等三筆
1265,迪化段二小段91
1266,迪化段二小段68號）第三次容積移轉案
1267,延平段三小段597
1268,延平段三小段597-1
1269,延平段三小段598
1270,延平段二小段445
1271,延平段二小段446
1272,延平段二小段446-1
1273,延平段二小段446-2
1274,延平段三小段597
1275,延平段三小段597-1
1276,延平段三小段598
1277,延平段二小段280
1278,延平段二小段281
1279,延平段二小段281-1
1280,延平段二小段284
1281,延平段二小段284-1
1282,延平段二小段284-2
1283,延平段二小段284-3
1284,延平段二小段921
1285,延平段二小段921-1
1286,延平段二小段922
1287,延平段二小段922-1
1288,延平段二小段62
1289,延平段二小段907
1290,延平段二小段908
1291,延平段二小段908-1
1292,延平段二小段908-2
1293,迪化段二小段133
1294,玉泉段一小段348
1295,玉泉段一小段151號-太和堂藥房）第二次容積移轉案
1296,延平段一小段217等
1297,迪化段三小段496
1298,迪化段二小段410
1299,迪化段二小段411號等2筆土
1300,迪化段三小段496
1301,延平段三小段256-1
1302,迪化段一小段613
1303,迪化段一小段614
1304,延平段三小段162
1305,延平段三小段163
1306,延平段三小段163-1
1307,延平段三小段599
1308,迪化段一小段613
1309,迪化段一小段614
1310,迪化段二小段437
1311,迪化段二小段438
1312,迪化段二小段438-1
1313,延平段二小段451
1314,延平段二小段ˋ452
1315,延平段二小段452-1
1316,延平段二小段452-2等四筆
1317,迪化段二小段91
1318,迪化段二小段92
1319,迪化段二小段93
1320,迪化段二小段94
1321,延平段三小段238
1322,延平段三小段238-1
1323,延平段三小段238-2
1324,延平段三小段239
1325,迪化段三小段471
1326,迪化段三小段472
1327,延平段二小段219
1328,延平段二小段230
1329,延平段三小段646
1330,迪化段二小段91
1331,迪化段二小段92
1332,迪化段二小段93
1333,迪化段二小段94
1334,迪化段二小段68號)第二次容積移轉案
1335,迪化段三小段181等五筆
1336,延平段二小段551
1337,延平段二小段552
1338,延平段二小段552-1
1339,迪化段二小段126
1340,延平段三小段238
1341,延平段三小段238-1
1342,延平段三小段238-2
1343,延平段三小段239
1344,延平段二小段379
1345,延平段二小段379-1
1346,延平段二小段380
1347,延平段二小段400
1348,延平段二小段400-1
1349,延平段二小段401
1350,延平段二小段401-1
1351,延平段二小段398
1352,延平段二小段398-1
1353,延平段二小段399
1354,延平段二小段399-1
1355,景美段五小段310
1356,景美段五小段379
1357,萬慶段二小段1
1358,德惠段四小段296
1359,陽明段四小段202
1360,漢中段二小段967
1361,臨沂段一小段657
1362,龍泉段三小段4
1363,文昌段一小段88
1364,文昌段一小段88-1
1365,文昌段一小段92-2
1366,文昌段一小段92-5
1367,文昌段一小段93
1368,文昌段一小段93-1
1369,文昌段一小段93-2
1370,文昌段一小段88
1371,文昌段一小段88-1
1372,文昌段一小段92-2
1373,文昌段一小段92-5
1374,文昌段一小段93
1375,文昌段一小段93-1
1376,文昌段一小段93-2
1377,延平段二小段843
1378,延平段二小段843-1
1379,延平段二小段844
1380,迪化段三小段316
1381,迪化段三小段316-1
1382,迪化段三小段317
1383,迪化段三小段100
1384,迪化段三小段101
1385,迪化段三小段479
1386,迪化段三小段480
1387,迪化段三小段477
1388,迪化段三小段478
1389,延平段二小段219
1390,延平段二小段163
1391,延平段二小段164
1392,延平段二小段164-2
1393,延平段二小段185
1394,延平段二小段186
1395,延平段二小段186-1
1396,延平段三小段586
1397,延平段三小段587
1398,延平段三小段587-1
1399,延平段三小段587-2
1400,延平段三小段588等5筆
1401,延平段三小段682
1402,延平段三小段683
1403,延平段三小段683-1
1404,迪化段三小段191-1
1405,迪化段三小段192-2
1406,迪化段二小段142
1407,迪化段二小段143
1408,迪化段二小段126
1409,迪化段二小段125
1410,迪化段三小段151
1411,迪化段三小段152
1412,迪化段三小段152-1
1413,迪化段三小段160
1414,迪化段三小段160-1
1415,迪化段三小段161
1416,延平段二小段843
1417,延平段二小段843-1
1418,延平段二小段844
1419,延平段二小段377
1420,延平段二小段378
1421,延平段二小段378-1
1422,延平段二小段402
1423,延平段二小段402-1
1424,迪化段三小段153
1425,迪化段三小段153-1
1426,迪化段三小段154
1427,延平段一小段710
1428,延平段一小段711
1429,延平段一小段726
1430,延平段一小段727
1431,延平段一小段728
1432,延平段一小段729
1433,延平段一小段730
1434,延平段一小段731
1435,延平段一小段732
1436,延平段一小段733
1437,延平段一小段734
1438,延平段一小段735
1439,延平段一小段736
1440,漢中段二小段967
1441,金華段二小段188
1442,金華段二小段189
1443,金華段二小段191
1444,金華段二小段197
1445,金華段二小段203-2
1446,迪化段一小段569
1447,迪化段一小段570
1448,延平段二小段185
1449,延平段二小段186
1450,延平段二小段186-1
1451,延平段三小段288
1452,延平段三小段288-1
1453,延平段三小段289
1454,延平段三小段309-3
1455,迪化段三小段473
1456,迪化段三小段474
1457,迪化段三小段477
1458,迪化段三小段478
1459,迪化段三小段485
1460,迪化段三小段486
1461,延平段二小段540
1462,延平段二小段541
1463,延平段二小段541-1
1464,延平段二小段542
1465,迪化段三小段181
1466,迪化段三小段181-1
1467,迪化段三小段182
1468,迪化段三小段182-1
1469,迪化段三小段182-2
1470,迪化段三小段479
1471,迪化段三小段480
1472,迪化段三小段100
1473,迪化段三小段101
1474,延平段三小段262
1475,延平段三小段263
1476,延平段三小段263-1
1477,迪化段三小段159
1478,迪化段三小段159-1
1479,延平段二小段540
1480,延平段二小段541
1481,延平段二小段541-1
1482,延平段二小段542
1483,延平段三小段586
1484,延平段三小段587
1485,延平段三小段587-1
1486,延平段三小段587-2
1487,延平段三小段588
1488,延平段二小段219
1489,延平段三小段581
1490,延平段三小段582
1491,延平段三小段582-1
1492,延平段三小段582-2
1493,迪化段三小段160
1494,迪化段三小段160-1
1495,迪化段三小段161等3筆
1496,迪化段三小段459
1497,迪化段三小段460
1498,迪化段三小段461
1499,延平段三小段601
1500,延平段三小段602
1501,延平段三小段602-1
1502,延平段二小段219
1503,金華段二小段188
1504,金華段二小段189
1505,金華段二小段191
1506,金華段二小段197
1507,金華段二小段203-2
1508,金華段二小段188
1509,金華段二小段189
1510,金華段二小段191
1511,金華段二小段197
1512,金華段二小段203-2
1513,金華段二小段188
1514,金華段二小段189
1515,金華段二小段191
1516,金華段二小段197
1517,金華段二小段203-2
1518,金華段二小段188
1519,金華段二小段189
1520,金華段二小段191
1521,金華段二小段197
1522,金華段二小段203-2
1523,福林段三小段772
1524,天母段一小段1-7
1525,木柵段四小段611
1526,光華段一小段4
1527,光華段一小段4
1528,天母段一小段107-3
1529,豐年段四小段170-1
1530,福林段三小段770
1531,中南段一小段323-2
1532,延平段二小段191
1533,延平段二小段191-1
1534,延平段二小段192等3筆
1535,延平三小段162
1536,延平三小段163
1537,延平三小段163-1等3筆土
1538,延平段二小段219等42筆
1539,三小段584
1540,三小段584-1
1541,三小段585
1542,三小段597
1543,三小段597-1
1544,三小段598
1545,三小段181
1546,三小段181-1
1547,三小段182
1548,三小段182-1
1549,三小段182-2
1550,二小段187
1551,二小段187-1
1552,二小段188
1553,二小段280
1554,二小段281
1555,二小段281-1
1556,二小段284
1557,二小段284-1
1558,二小段284-2
1559,二小段284-3
1560,二小段149
1561,二小段149-1
1562,二小段150
1563,三小段682
1564,三小段683
1565,三小段683-1
1566,三小段52
1567,三小段53
1568,三小段53-1
1569,三小段53-2
1570,三小段314
1571,三小段315
1572,三小段315-1
1573,二小段815
1574,二小段206
1575,二小段207
1576,二小段207-1
1577,二小段208
1578,二小段840
1579,二小段456
1580,二小段183
1581,二小段845
1582,一小段615等11筆土
1583,二小段864
1584,二小段199
1585,二小段864
1586,二小段447
1587,二小段197
1588,二小段187
1589,一小段615等11筆土
1590,三小段160
1591,三小段160-1
1592,三小段161
1593,三小段177
1594,三小段178
1595,三小段178-1
1596,三小段179
1597,三小段180
1598,三小段181
1599,三小段181-1
1600,三小段262
1601,三小段263
1602,三小段263-1
1603,三小段575
1604,三小段575-1
1605,三小段576
1606,迪化段一小段119
1607,迪化段一小段120等2筆
1608,迪化段一小段134
1609,迪化段一小段140-1
1610,迪化段三小段87
1611,迪化段三小段87-1
1612,迪化段三小段88等3筆
1613,迪化段二小段131
1614,迪化段二小段132
1615,三小段177
1616,三小段178
1617,三小段178-1
1618,三小段179
1619,三小段180
1620,三小段181
1621,三小段181-1
1622,迪化段二小段187
1623,迪化段二小段187-1
1624,迪化段二小段188
1625,迪化段一小段595
1626,"迪化段一小段""核准日期：098/04/10"""
1627,文昌段一小段88
1628,文昌段一小段88-1
1629,文昌段一小段92-2
1630,文昌段一小段92-5
1631,文昌段一小段93
1632,文昌段一小段93-1
1633,文昌段一小段93-2
1634,中南段一小段323-2
1635,文昌段一小段88
1636,文昌段一小段88-1
1637,文昌段一小段92-2
1638,文昌段一小段92-5
1639,文昌段一小段93
1640,文昌段一小段93-1
1641,文昌段一小段93-2
1642,文昌段一小段88
1643,文昌段一小段88-1
1644,文昌段一小段92-2
1645,文昌段一小段92-5
1646,文昌段一小段93
1647,文昌段一小段93-1
1648,文昌段一小段93-2
1649,延平段三小段608
1650,延平段三小段609
1651,延平段三小段609-1
1652,迪化段三小段185
1653,迪化段三小段185-1
1654,迪化段三小段186
1655,迪化段三小段186-1
1656,延平段三小段203
1657,延平段三小段205
1658,延平段三小段185-1
1659,延平段三小段187號
1660,延平段三小段安西街32
1661,延平段三小段34
1662,延平段三小段36號)
1663,延平段三小段551
1664,延平段三小段551-1
1665,延平段三小段552
1666,延平段三小段552-1
1667,迪化段三小段408
1668,迪化段三小段408-1
1669,迪化段三小段409
1670,迪化段三小段410
1671,迪化段三小段410-1
1672,迪化段三小段411
1673,迪化段三小段412
1674,迪化段三小段413
1675,迪化段三小段414
1676,迪化段三小段10號)
1677,迪化段一小段595
1678,迪化段一小段596
1679,迪化段一小段597
1680,迪化段一小段598
1681,迪化段一小段611
1682,迪化段一小段612
1683,迪化段一小段9
1684,迪化段一小段9-1號
1685,迪化段三小段185
1686,迪化段三小段185-1
1687,迪化段三小段186
1688,迪化段三小段186-1
1689,迪化段二小段187
1690,迪化段二小段187-1
1691,迪化段二小段188
1692,延平段二小段443
1693,延平段二小段443-1
1694,延平段二小段443-2
1695,延平段二小段444
1696,延平段二小段444-1
1697,金華段二小段188
1698,金華段二小段189
1699,金華段二小段191
1700,金華段二小段197
1701,金華段二小段203-2
1702,金華段二小段188
1703,金華段二小段189
1704,金華段二小段191
1705,金華段二小段197
1706,金華段二小段203-2
1707,金華段二小段188
1708,金華段二小段189
1709,金華段二小段191
1710,金華段二小段197
1711,金華段二小段203-2
1712,迪化段一小段569
1713,迪化段一小段570
1714,迪化段595
1715,迪化段596
1716,迪化段597
1717,迪化段598
1718,迪化段611
1719,迪化段612
1720,迪化段9
1721,迪化段9-1號
1722,迪化段一小段68-1
1723,迪化段一小段69
1724,迪化段一小段70
1725,迪化段一小段314號
1726,延平段二小段813
1727,延平段二小段825
1728,延平段二小段825-1
1729,延平段二小段826
1730,延平段二小段827
1731,延平段二小段828
1732,延平段二小段828-1
1733,延平段二小段829
1734,延平段二小段831
1735,延平段二小段832
1736,延平段二小段833
1737,延平段二小段834
1738,延平段二小段221號)
1739,金華段二小段188
1740,金華段二小段189
1741,金華段二小段191
1742,金華段二小段197
1743,金華段二小段203-2
1744,金華段二小段188
1745,金華段二小段189
1746,金華段二小段191
1747,金華段二小段197
1748,金華段二小段203-2
1749,迪化段二小段164
1750,迪化段二小段165
1751,迪化段二小段380號)
1752,迪化段二小段162
1753,迪化段二小段163
1754,延平段二小段151
1755,延平段二小段152
1756,延平段二小段152-1等3筆
1757,迪化段三小段183
1758,迪化段三小段183-1
1759,迪化段三小段184
1760,迪化段三小段184-1等4筆
1761,金華段二小段188
1762,金華段二小段189
1763,金華段二小段191
1764,金華段二小段197
1765,金華段二小段203-2
1766,金華段二小段188
1767,金華段二小段189
1768,金華段二小段191
1769,金華段二小段197
1770,金華段二小段203-2
1771,金華段二小段188
1772,金華段二小段189
1773,金華段二小段191
1774,金華段二小段197
1775,金華段二小段203-2
1776,金華段二小段188
1777,金華段二小段189
1778,金華段二小段191
1779,金華段二小段197
1780,金華段二小段203-2
1781,延平段二小段823
1782,延平段二小段824
1783,延平段二小段824-1
1784,延平段二小段191
1785,延平段二小段191-1
1786,延平段二小段192
1787,迪化段三小段58
1788,迪化段三小段58-1
1789,迪化段三小段58-2
1790,迪化段三小段59等4筆
1791,迪化段三小段58
1792,迪化段三小段58-1
1793,迪化段三小段58-2
1794,迪化段三小段59等4筆
1795,延平段二小段813
1796,延平段二小段825
1797,延平段二小段825-1
1798,延平段二小段826
1799,延平段二小段827
1800,延平段二小段828
1801,延平段二小段828-1
1802,延平段二小段829
1803,延平段二小段831
1804,延平段二小段832
1805,延平段二小段833
1806,延平段二小段834
1807,延平段二小段221號)
1808,迪化段一小段569
1809,迪化段一小段570等2筆
1810,南港段一小段384-2
1811,南港段一小段404-1
1812,南港段一小段405
1813,南港段一小段406-8
1814,南港段一小段407-3
1815,南港段一小段407-4
1816,南港段一小段524-2
1817,南港段一小段525-1
1818,南港段一小段525-2
1819,南港段一小段532
1820,南港段一小段533等11筆
1821,延平段三小段666
1822,延平段三小段667
1823,延平段三小段667-1
1824,延平段二小段161
1825,延平段二小段161-1
1826,延平段二小段162
1827,迪化段三小段160
1828,迪化段三小段160-1
1829,迪化段三小段161
1830,迪化段三小段56-1號)
1831,延平段二小段145
1832,延平段二小段146
1833,延平段二小段146-1
1834,迪化段三小段157
1835,迪化段三小段157-1
1836,迪化段三小段158
1837,金華段二小段188
1838,金華段二小段189
1839,金華段二小段191
1840,金華段二小段197
1841,金華段二小段203-2
1842,延平段三小段186
1843,延平段三小段187
1844,延平段三小段187-1
1845,延平段三小段187-2
1846,延平段三小段187-3
1847,延平段三小段188
1848,延平段三小段190-1
1849,延平段三小段安西街18號
1850,延平段三小段安西街20之1號)
1851,迪化段二小段128
1852,延平段三小段581
1853,延平段三小段582
1854,延平段三小段582-1
1855,延平段三小段582-2
1856,延平段二小段543
1857,延平段二小段544
1858,延平段二小段544-1
1859,延平段二小段544-2
1860,延平段二小段508
1861,延平段二小段509-1
1862,延平段二小段509
1863,延平段二小段510
1864,二小段543
1865,二小段544
1866,二小段544-1
1867,二小段544-2
1868,迪化段一小段134
1869,迪化段一小段140-1等2筆
1870,延平段二小段456
1871,延平段二小段456-1
1872,延平段二小段456-2
1873,延平段二小段457
1874,二小段915
1875,二小段916
1876,二小段916-1
1877,二小段916-2
1878,延平段二小段857
1879,延平段二小段857-1
1880,延平段二小段858
1881,延平段二小段安西街82號）
1882,延平段三小段646
1883,延平段三小段646-1
1884,延平段三小段647
1885,延平段三小段581
1886,延平段三小段582
1887,延平段三小段582-1
1888,延平段三小段582-2
1889,延平段三小段577
1890,延平段三小段578-1
1891,延平段三小段578-2
1892,延平段三小段168
1893,延平段三小段169
1894,延平段三小段169-1
1895,延平段三小段169-2
1896,延平段二小段454
1897,延平段二小段454-1
1898,延平段二小段454-2
1899,延平段二小段455
1900,延平段二小段551
1901,延平段二小段552
1902,延平段二小段552-1
1903,延平段二小段857
1904,延平段二小段857-1
1905,延平段二小段858
1906,延平段二小段安西街82號)
1907,延平段三小段208
1908,延平段三小段208-1
1909,延平段三小段209
1910,延平段三小段174
1911,延平段三小段175
1912,延平段三小段175-1
1913,延平段三小段176
1914,延平段三小段安西街10號)
1915,延平段二小段838
1916,延平段二小段838-1
1917,延平段二小段839等3筆
1918,延平段三小段696
1919,延平段三小段696-1
1920,延平段三小段697
1921,延平段三小段564
1922,延平段三小段565
1923,延平段三小段565-2
1924,迪化段二小段201
1925,迪化段二小段202
1926,迪化段二小段202-1
1927,迪化段二小段203
1928,迪化段二小段民生西路362巷28號)
1929,延平段三小段162
1930,延平段三小段163
1931,延平段三小段163-1
1932,延平段二小段861
1933,延平段二小段861-1
1934,延平段二小段862等3筆
1935,延平段三小段694
1936,延平段三小段695
1937,延平段三小段695-1
1938,延平段三小段694
1939,延平段三小段695
1940,延平段三小段695-1
1941,延平段三小段280
1942,延平段三小段280-1
1943,延平段三小段281
1944,延平段三小段282
1945,延平段三小段283
1946,延平段三小段283-1
1947,延平段三小段283-2
1948,迪化段二小段201
1949,迪化段二小段202
1950,迪化段二小段202-1
1951,迪化段二小段203等4筆
1952,迪化段二小段民生西路362巷28號)
1953,延平段三小段286
1954,延平段三小段287
1955,延平段三小段287-1等3筆
1956,迪化段二小段209
1957,迪化段二小段210
1958,迪化段二小段210-1
1959,迪化段二小段211等4筆
1960,迪化街三小段183
1961,迪化街三小段183-1
1962,迪化街三小段184
1963,迪化街三小段184-1等4筆
1964,延平段三小段162
1965,延平段三小段163
1966,延平段三小段163-1
1967,延平段三小段290
1968,延平段三小段291
1969,延平段三小段291-1
1970,延平段三小段309-4
1971,延平段三小段290
1972,延平段三小段291
1973,延平段三小段291-1
1974,延平段三小段309-4
1975,信義段二小段113
1976,信義段二小段附件下載
1977,信義段二小段113
1978,信義段二小段附件下載
1979,延平段三小段208
1980,延平段三小段208-1
1981,延平段三小段209
1982,延平段二小段861
1983,延平段二小段861-1
1984,延平段二小段862等3筆
1985,延平段二小段540
1986,延平段二小段541
1987,延平段二小段541-1
1988,延平段二小段542
1989,延平段三小段197
1990,延平段三小段198-1
1991,延平段三小段198-2等3筆
1992,延平段三小段193
1993,延平段三小段194
1994,延平段三小段194-2等3筆
1995,延平段三小段186
1996,延平段三小段187
1997,延平段三小段187-1
1998,延平段三小段187-2
1999,延平段三小段安西街20之1號)
2000,延平段三小段601
2001,延平段三小段602
2002,延平段三小段602-1等3筆
2003,延平段三小段203
2004,延平段三小段203-1
2005,延平段三小段204
2006,延平段三小段205
2007,延平段三小段206
2008,延平段三小段206-1
2009,延平段三小段207
2010,延平段三小段185-1
2011,延平段三小段187號
2012,延平段三小段安西街32
2013,延平段三小段34
2014,延平段三小段36號)
2015,延平段三小段203
2016,延平段三小段203-1
2017,延平段三小段204
2018,延平段三小段205
2019,延平段三小段206
2020,延平段三小段206-1
2021,延平段三小段207
2022,延平段三小段185-1
2023,延平段三小段187號
2024,延平段三小段安西街32
2025,延平段三小段34
2026,延平段三小段36號)
2027,延平段二小段189
2028,延平段二小段190-1
2029,延平段二小段190
2030,延平段二小段189
2031,延平段二小段190-1
2032,延平段二小段190
2033,延平段二小段468
2034,延平段二小段468-1
2035,延平段二小段469
2036,延平段二小段469-1
2037,延平段二小段472
2038,延平段二小段473
2039,延平段二小段474
2040,延平段二小段475
2041,延平段二小段51
2042,延平段二小段53
2043,延平段二小段55號)
2044,延平段二小段468
2045,延平段二小段468-1
2046,延平段二小段469
2047,延平段二小段469-1
2048,延平段二小段472
2049,延平段二小段473
2050,延平段二小段474
2051,延平段二小段475
2052,延平段二小段51
2053,延平段二小段53
2054,延平段二小段55號)
2055,迪化段二小段197
2056,迪化段二小段197-1
2057,迪化段二小段197-2
2058,迪化段二小段198
2059,美仁段一小段701-1
2060,美仁段一小段704-1
2061,迪化段二小段187
2062,迪化段二小段187-1
2063,迪化段二小段188
2064,延平段三小段682
2065,延平段三小段683
2066,延平段三小段683-1
2067,延平段二小段371
2068,延平段二小段371-1
2069,延平段二小段371-2
2070,延平段二小段372
2071,延平段二小段403
2072,路1段393號)
2073,延平段二小段498
2074,延平段二小段499
2075,延平段二小段500
2076,延平段二小段500-1
2077,延平段二小段501
2078,延平段二小段502
2079,延平段二小段503
2080,延平段二小段503-1
2081,延平段二小段504
2082,延平段二小段261號
2083,延平段二小段安西街100
2084,延平段二小段102號)
2085,延平段三小段688
2086,延平段三小段688-1
2087,延平段三小段689
2088,延平段三小段741-6等4筆
2089,延平段二小段498
2090,延平段二小段499
2091,延平段二小段500
2092,延平段二小段500-1
2093,延平段二小段501
2094,延平段二小段502
2095,延平段二小段503
2096,延平段二小段503-1
2097,延平段二小段504等9筆
2098,延平段二小段261號
2099,延平段二小段安西街100
2100,延平段二小段102號)
2101,金華段一小段146
2102,金華段一小段228
2103,金華段一小段230
2104,金華段一小段232
2105,金華段一小段234號
2106,1段224巷1
2107,1段3
2108,1段5號移入)
2109,延平段三小段581
2110,延平段三小段582
2111,延平段三小段582-1
2112,延平段三小段582-2
2113,迪化段三小段46
2114,迪化段三小段46-1
2115,迪化段三小段46-2
2116,迪化段三小段47
2117,迪化段二小段166
2118,迪化段二小段166-2
2119,迪化段二小段167
2120,迪化段二小段167-1
2121,迪化段二小段民生東路382號)
2122,迪化段二小段194
2123,迪化段二小段195
2124,迪化段二小段195-1
2125,延平段三小段583
2126,延平段三小段62-1號)
2127,延平段二小段813
2128,延平段二小段814
2129,延平段二小段825
2130,延平段二小段825-1
2131,延平段二小段826
2132,延平段二小段827
2133,延平段二小段828
2134,延平段二小段828-1
2135,延平段二小段829
2136,延平段二小段830
2137,延平段二小段831
2138,延平段二小段832
2139,延平段二小段833
2140,延平段二小段834
2141,延平段二小段221號)
2142,延平段二小段813
2143,延平段二小段814
2144,延平段二小段825
2145,延平段二小段825-1
2146,延平段二小段826
2147,延平段二小段827
2148,延平段二小段828
2149,延平段二小段828-1
2150,延平段二小段829
2151,延平段二小段830
2152,延平段二小段831
2153,延平段二小段832
2154,延平段二小段833
2155,延平段二小段834
2156,延平段二小段221號)
2157,迪化段二小段175
2158,迪化段二小段175-1
2159,迪化段二小段176
2160,延平段三小段199-1
2161,延平段三小段199-2
2162,延平段三小段200
2163,延平段三小段201
2164,延平段三小段202
2165,延平段三小段202-1
2166,延平段三小段202-2
2167,延平段三小段202-3
2168,延平段三小段183
2169,延平段三小段安西街30號)
2170,延平段二小段506
2171,延平段二小段506-1
2172,延平段二小段507等4筆
2173,延平段二小段578
2174,延平段二小段578-1
2175,延平段二小段578-2等3筆
2176,延平段二小段157
2177,延平段二小段158
2178,延平段二小段158-1等3筆
2179,延平段二小段506
2180,延平段二小段506-1
2181,延平段二小段507等3筆
2182,延平段三小段698
2183,延平段三小段699
2184,延平段三小段699-1
2185,延平段三小段203
2186,延平段三小段203-1
2187,延平段三小段204
2188,延平段三小段205
2189,延平段三小段206
2190,延平段三小段206-1
2191,延平段三小段207
2192,延平段三小段185-1
2193,延平段三小段187號
2194,延平段三小段安西街32
2195,延平段三小段34
2196,延平段三小段36號)
2197,延平段三小段597
2198,延平段三小段597-1
2199,延平段三小段598等3筆
2200,延平段三小段236
2201,延平段三小段237
2202,延平段三小段237-1等3筆
2203,延平段三小段193
2204,延平段三小段194
2205,延平段三小段194-2等3筆
2206,延平段三小段195-1
2207,延平段三小段195-2
2208,延平段三小段196等3筆
2209,延平段二小段540
2210,延平段二小段541
2211,延平段二小段541-1
2212,延平段二小段542等4筆
2213,延平段二小段451
2214,延平段二小段452
2215,延平段二小段452-1
2216,延平段二小段452-2等4筆
2217,延平段二小段451
2218,延平段二小段452
2219,延平段二小段452-1
2220,延平段二小段452-2等4筆
2221,延平段二小段574
2222,延平段三小段197
2223,延平段三小段198-1
2224,延平段三小段198-2等3筆
2225,延平段2小段506
2226,延平段2小段506-1
2227,延平段2小段507等3筆
2228,延平段三小段186
2229,延平段三小段187
2230,延平段三小段187-1
2231,延平段三小段187-2等4筆
2232,延平段三小段安西街20之1號)
2233,延平段三小段191
2234,延平段三小段191-1
2235,延平段三小段192等3筆
2236,南港段一小段560-3
2237,南港段一小段560-5
2238,南港段一小段504-1
2239,南港段一小段507-3
2240,延平段二小段547
2241,延平段二小段548
2242,延平段二小段548-1
2243,迪化段三小段87
2244,迪化段三小段87-1
2245,迪化段三小段88
2246,延平段三小段168
2247,延平段三小段169
2248,延平段三小段169-1
2249,延平段三小段169-2
2250,三小段688
2251,三小段688-1
2252,三小段689
2253,三小段741-6
2254,延平段三小段168
2255,延平段三小段169
2256,延平段三小段169-1
2257,延平段三小段169-2
2258,延平段三小段186
2259,延平段三小段187
2260,延平段三小段187-1
2261,延平段三小段187-2
2262,延平段三小段安西街20之1號
2263,延平段三小段193
2264,延平段三小段194
2265,延平段三小段194-2
2266,迪化段三小段42
2267,迪化段三小段42-1
2268,迪化段三小段42-2
2269,迪化段三小段43
2270,延平段三小段664
2271,延平段三小段664-1
2272,延平段三小段665
2273,延平段三小段182
2274,延平段三小段183
2275,延平段三小段184
2276,延平段三小段184-1
2277,延平段三小段185
2278,延平段三小段601
2279,延平段三小段602
2280,延平段三小段602-1
2281,延平段二小段494
2282,延平段二小段494-1
2283,延平段二小段495
2284,延平段三小段586
2285,延平段三小段587
2286,延平段三小段587-1
2287,延平段三小段587-2
2288,延平段三小段588等5筆
2289,延平段三小段584
2290,延平段三小段584-1
2291,延平段三小段585
2292,延平段三小段584
2293,延平段三小段584-1
2294,延平段三小段585
2295,延平段三小段584
2296,延平段三小段584-1
2297,延平段三小段585
2298,延平段三小段584
2299,延平段三小段584-1
2300,延平段三小段585
2301,延平段三小段166
2302,延平段三小段166-1
2303,延平段三小段167
2304,延平段三小段附件下載
2305,迪化段三小段52
2306,迪化段三小段53
2307,迪化段三小段53-1
2308,迪化段三小段53-2
2309,迪化段三小段附件下載
2310,延平段二小段543
2311,延平段二小段544
2312,延平段二小段544-1
2313,延平段二小段附件下載
2314,迪化段三小段52
2315,迪化段三小段53
2316,迪化段三小段53-1
2317,迪化段三小段53-2
2318,迪化段三小段附件下載
2319,延平段三小段568
2320,延平段三小段568-1
2321,延平段三小段569
2322,延平段三小段570
2323,延平段三小段571
2324,延平段三小段571-1
2325,延平段三小段572等7筆
2326,延平段三小段附件下載
2327,延平段三小段568
2328,延平段三小段568-1
2329,延平段三小段569
2330,延平段三小段570
2331,延平段三小段571
2332,延平段三小段571-1
2333,延平段三小段572等7筆
2334,延平段三小段115號
2335,延平段三小段191
2336,延平段三小段191-1
2337,延平段三小段192等3筆
2338,延平段三小段197
2339,延平段三小段198-1
2340,延平段三小段198-2等3筆
2341,延平段三小段195-1
2342,延平段三小段195-2
2343,延平段三小段196等三筆
2344,迪化段三小段42
2345,迪化段三小段42-1
2346,迪化段三小段42-2
2347,迪化段三小段43等4筆
2348,延平段三小段229
2349,延平段三小段232
2350,延平段三小段233
2351,延平段三小段233-1
2352,延平段三小段234
2353,延平段三小段234-1
2354,延平段三小段235等七筆
2355,延平段三小段229
2356,延平段三小段232
2357,延平段三小段233
2358,延平段三小段233-1
2359,延平段三小段234
2360,延平段三小段234-1
2361,延平段三小段235等七筆
2362,延平段三小段583等一筆
2363,延平段三小段583等一筆
2364,延平段三小段583等一筆
2365,南海段三小段635等一筆
2366,南海段三小段635等一筆
2367,南海段三小段316
2368,南海段三小段318
2369,南海段三小段320
2370,南海段三小段322
2371,南海段三小段324
2372,南海段三小段326
2373,南海段三小段328
2374,南海段三小段330
2375,南海段三小段332號
2376,南海段三小段312巷1
2377,南海段三小段35號
2378,延平段二小段549
2379,延平段二小段549-1
2380,延平段二小段550等三筆
2381,迪化段一小段134
2382,迪化段一小段135
2383,迪化段一小段136
2384,迪化段一小段137
2385,迪化段一小段138
2386,迪化段一小段139
2387,迪化段一小段140
2388,迪化段一小段140-1
2389,迪化段一小段141
2390,迪化段一小段142
2391,迪化段一小段143
2392,迪化段一小段144
2393,迪化段一小段145
2394,迪化段一小段155-3等十四筆
2395,迪化段一小段65號
2396,迪化段一小段61巷3號
2397,延平段二小段494
2398,延平段二小段494-1
2399,延平段二小段495等三筆
2400,迪化段三小段181
2401,迪化段三小段181-1
2402,迪化段三小段182
2403,迪化段三小段182-1
2404,迪化段三小段182-2等五筆
2405,迪化段二小段166
2406,迪化段二小段166-2
2407,迪化段二小段167
2408,迪化段二小段167-14等四筆
2409,延平段二小段494
2410,延平段二小段494-1
2411,延平段二小段495等三筆
2412,延平段二小段494
2413,延平段二小段494-1
2414,延平段二小段495等三筆
2415,延平段二小段489
2416,延平段二小段490
2417,延平段二小段490-1
2418,延平段二小段491等四筆
2419,延平段三小段597
2420,延平段三小段597-1
2421,延平段三小段598等三筆
2422,迪化段一小段134
2423,迪化段一小段135
2424,迪化段一小段136
2425,迪化段一小段137
2426,迪化段一小段138
2427,迪化段一小段139
2428,迪化段一小段140
2429,迪化段一小段140-1
2430,迪化段一小段141
2431,迪化段一小段142
2432,迪化段一小段143
2433,迪化段一小段144
2434,迪化段一小段145
2435,迪化段一小段155-3等十四筆
2436,迪化段一小段65號
2437,迪化段一小段61巷3號
2438,一小段217
2439,一小段218
2440,一小段219
2441,一小段220等四筆
2442,振興段三小段469
2443,振興段三小段567
2444,振興段三小段468-1
2445,振興段三小段468-2等五筆
2446,延平段三小段309
2447,延平段三小段309-5號等二筆
2448,延平段二小段454
2449,延平段二小段454-1
2450,延平段二小段454-2
2451,延平段二小段455等四筆
2452,延平段二小段163
2453,延平段二小段164
2454,延平段二小段164-2等三筆
2455,迪化段三小段46
2456,迪化段三小段46-1
2457,迪化段三小段46-2
2458,迪化段三小段47等四筆
2459,迪化段三小段大同區217
2460,迪化段三小段218
2461,迪化段三小段219
2462,迪化段三小段220等四筆
2463,延平段二小段487
2464,延平段二小段487-1
2465,延平段二小段488等三筆
2466,延平段三小段586
2467,延平段一小段217
2468,延平段一小段218
2469,延平段一小段219
2470,延平段一小段220等四筆
2471,延平段二小段930等十筆
2472,延平段二小段224巷1.3.5號）
2473,延平段二小段930等十筆
2474,延平段二小段224巷1.3.5號）
2475,延平段三小段606
2476,延平段三小段606-1
2477,延平段三小段607等三筆
2478,延平段三小段606
2479,延平段三小段606-1
2480,延平段三小段607等三筆
2481,延平段二小段930等十筆
2482,延平段二小段224巷1.3.5號)
2483,迪化段三小段181
2484,迪化段三小段181-1
2485,迪化段三小段182
2486,迪化段三小段182-1
2487,迪化段三小段182-2等五筆
2488,迪化段三小段44
2489,迪化段三小段45
2490,迪化段三小段45-1
2491,迪化段三小段45-2等四筆
2492,迪化段三小段46
2493,迪化段三小段46-1
2494,迪化段三小段46-2
2495,迪化段三小段47等四筆
2496,延平段三小段606
2497,延平段三小段606-1
2498,延平段三小段607等
2499,迪化段一小段134
2500,迪化段一小段135
2501,迪化段一小段136
2502,迪化段一小段137
2503,迪化段一小段138
2504,迪化段一小段139
2505,迪化段一小段140
2506,迪化段一小段140-1
2507,迪化段一小段141
2508,迪化段一小段142
2509,迪化段一小段143
2510,迪化段一小段144
2511,迪化段一小段145
2512,迪化段一小段155-3等十四筆
2513,迪化段一小段65號
2514,迪化段一小段61巷3號
2515,延平段三小段603.604.604-1
2516,延平段二小段九三O
2517,延平段二小段224巷1.3.5號
2518,延平段二小段三七五
2519,延平段二小段三七五-一
2520,延平段二小段三七六等三筆
2521,向陽段19-5
2522,延平段二小段五五四等十五筆
2523,延平段二小段301
2524,延平段二小段303
2525,延平段二小段305號
2526,延平段二小段307巷2-1號
2527,延平段二小段安西街134-1號
2528,延平段三小段603.604.604-1
2529,延平段二小段九三O
2530,延平段二小段224巷1.3.5號
2531,延平段二小段五五四
2532,延平段二小段301
2533,延平段二小段303
2534,延平段二小段305號
2535,延平段二小段307巷2-1號
2536,延平段二小段安西街134-1號
2537,延平段二小段二八六等二十七筆
2538,延平段二小段312巷1至5號
2539,延平段三小段603.604.604-1
2540,延平段三小段603.604.604-1
2541,向陽段5
2542,延平段3小段240
2543,延平段3小段附件下載
2544,迪化段三小段146
2545,迪化段三小段72巷4號6號
2546,延平段2小段286等27筆
2547,延平段2小段312巷1至5號)
2548,延平段二小段129-1
2549,延平段二小段130
2550,延平段二小段130-1
2551,延平段二小段131
2552,延平段二小段129-1
2553,延平段二小段130
2554,延平段二小段130-1
2555,延平段二小段131
2556,迪化段三小段146
2557,迪化段三小段147
2558,迪化段三小段147-1
2559,迪化段三小段148
2560,迪化段三小段148-1
2561,迪化段三小段148-2
2562,迪化段三小段72巷4號6號
2563,延平段二小段271
2564,延平段二小段272
2565,延平段二小段272-1
2566,延平段二小段273
2567,延平段二小段274
2568,延平段二小段274-2
2569,延平段二小段275
2570,延平段二小段276
2571,延平段二小段277
2572,延平段二小段277-1
2573,延平段二小段278
2574,延平段二小段278-1
2575,延平段二小段279
2576,延平段二小段338號
2577,延平段二小段340號
2578,延平段二小段342巷2
2579,延平段二小段4
2580,延平段二小段6號
2581,迪化段二小段189
2582,延平段三小段210，211，211-1，212，212-1，213等六筆
2583,迪化段三小段146
2584,迪化段三小段147
2585,迪化段三小段147-1
2586,迪化段三小段148
2587,迪化段三小段148-1
2588,迪化段三小段148-2
2589,迪化段三小段72巷4號6號
2590,延平段三小段309，309-5號歸綏街303巷9號
2591,延平段二小段178
2592,延平段二小段179
2593,延平段二小段179-2
2594,延平段二小段180
2595,延平段二小段181
2596,延平段二小段182
2597,延平段二小段182-1
2598,延平段二小段183
2599,延平段二小段183-1
2600,延平段二小段184
2601,延平段二小段313號
